emotion,train,valid,test
afraid,0.032410982665827086,0.032869680410664015,0.02879795862571767
angry,0.03553564851667478,0.030303030303030304,0.03198760594185729
annoyed,0.03421687319559458,0.043550256665010764,0.03499498769707464
anticipating,0.031270420225973934,0.027156814042059944,0.02925362252802333
anxious,0.03149615654219487,0.02922669316111939,0.030073817552173518
apprehensive,0.023928049519419264,0.027819175360158967,0.027704365260184088
ashamed,0.026030961517898514,0.025832091405861898,0.025699444090039186
caring,0.027230928251494018,0.026742838218248053,0.031076278137245967
confident,0.03156744169468569,0.03394601755257493,0.02970928643032899
content,0.029452648837457972,0.03129657228017884,0.030438348674018043
devastated,0.028811082465040574,0.027570789865871834,0.02633737355326711
disappointed,0.03049816440732336,0.03344924656400066,0.03216987150277955
disgusted,0.031638726847176515,0.02964066898493128,0.03335459764877426
embarrassed,0.02859722700756811,0.034359993376386816,0.03125854369816823
excited,0.038232603452577556,0.03543633051829773,0.03535951881891917
faithful,0.019722225522460765,0.018297731412485512,0.02004921170144901
furious,0.031638726847176515,0.027901970524921344,0.02679303745557277
grateful,0.03250602953581485,0.02723960920682232,0.03864029891551991
guilty,0.03178129715215816,0.025418115582050007,0.02624624077280598
hopeful,0.03134170537846476,0.029475078655406526,0.031531942039551626
impressed,0.031246658508476993,0.036595462824971024,0.03125854369816823
jealous,0.03017738122111466,0.03229011425732737,0.032261004283240684
joyful,0.030355594102341718,0.030551415797317436,0.032443269844162945
lonely,0.0326842424170419,0.03427719821162444,0.030347215893556913
nostalgic,0.03083082845228053,0.028729922172545122,0.03025608311309578
prepared,0.03004669177488149,0.03427719821162444,0.030073817552173518
proud,0.03484655870926351,0.029806259314456036,0.03836690057413652
sad,0.03425251577183999,0.03676105315449578,0.03408365989246332
sentimental,0.02730221340398484,0.029392283490644145,0.03590631550168596
surprised,0.05120650120590716,0.05307170061268422,0.05076095871685045
terrified,0.032173365490857676,0.029889054479218413,0.027157568577417298
trusting,0.02696954935902767,0.026825633383010434,0.025608311309578056
